,Distance 90 cm,Distance 120 cm,Distance 150 cm,Distance 180 cm,Distance 210 cm,Distance 240 cm,Distance 270 cm,Distance 300 cm,Distance 330 cm
Zone 1,0,1.8859439,1.8975886,1.826011,2.2151814,1.8273151,1.4795564,1.3634164,1.0526466
Zone 2,0,1.8697587,1.7949028,1.8032612,1.9322377,1.7762634,1.7239068,1.0050954,0.91098046
Zone 3,0,1.6828728,1.8057389,1.6905681,1.332073,1.7291926,0.9348986,0.6047058,0.4998506
