,Distance 90 cm,Distance 120 cm,Distance 150 cm,Distance 180 cm,Distance 210 cm,Distance 240 cm,Distance 270 cm,Distance 300 cm,Distance 330 cm
Zone 1,0,0.00019596068136455973,0.00020471309047707627,0.00018763028214758128,0.00021111670715378167,0.00018410426779218633,0.0001316444817944539,4.3722485739087305e-05,7.985133072326153e-05
Zone 2,0,0.00019847728587962964,0.0001898603951129063,0.00019223675255692556,0.00016880349687618104,0.00016974474387194114,0.00012981481112410241,2.49738974365788e-05,6.43198902825019e-05
Zone 3,0,0.00017780087702398668,0.0001960220394581444,0.00018750572060421391,0.00011754457642431973,0.00016601516366095048,8.240991709183675e-05,0.0,3.107222299727183e-05
